<?xml version="1.0" encoding="utf-8"?>
<!--/1481608/1272411/2.50/18/4/Connector/-->
<quadcept_library>
  <setting unit="mil" />
  <textstyle name="Default" height="47.244094488189" strokewidth="7.8740157480315" charwidth="47.244094488189" />
  <textstyle name="Dimension" height="19.6850393700787" strokewidth="0" charwidth="19.6850393700787" />
  <textstyle name="H127W0635TH00762" height="50" strokewidth="3" charwidth="25" />
  <textstyle name="H15W15TH02" height="59.0551181102362" strokewidth="7.8740157480315" charwidth="59.0551181102362" />
  <padstyle name="c277.5_h185" surface="False" plated="True" isvia="False" nopaste="True" nomask="True" complex="False" holesize="72.83464566929">
    <padshape layer="TOP" shape="round" width="109.25196850394" height="109.25196850394" />
    <padshape layer="TOP_SOLDER_MASK" shape="round" width="117.12598425197" height="117.12598425197" />
    <padshape layer="INNER" shape="round" width="109.25196850394" height="109.25196850394" />
    <padshape layer="BOTTOM" shape="round" width="109.25196850394" height="109.25196850394" />
    <padshape layer="BOTTOM_SOLDER_MASK" shape="round" width="117.12598425197" height="117.12598425197" />
  </padstyle>
  <padstyle name="s277.5_h185" surface="False" plated="True" isvia="False" nopaste="True" nomask="True" complex="False" holesize="72.83464566929">
    <padshape layer="TOP" shape="square" width="109.25196850394" height="109.25196850394" />
    <padshape layer="TOP_SOLDER_MASK" shape="square" width="117.12598425197" height="117.12598425197" />
    <padshape layer="INNER" shape="square" width="109.25196850394" height="109.25196850394" />
    <padshape layer="BOTTOM" shape="square" width="109.25196850394" height="109.25196850394" />
    <padshape layer="BOTTOM_SOLDER_MASK" shape="square" width="117.12598425197" height="117.12598425197" />
  </padstyle>
  <padstyle name="c300_h200" surface="False" plated="True" isvia="False" nopaste="True" nomask="True" complex="False" holesize="78.740157480314">
    <padshape layer="TOP" shape="round" width="118.11023622047" height="118.11023622047" />
    <padshape layer="TOP_SOLDER_MASK" shape="round" width="125.9842519685" height="125.9842519685" />
    <padshape layer="INNER" shape="round" width="118.11023622047" height="118.11023622047" />
    <padshape layer="BOTTOM" shape="round" width="118.11023622047" height="118.11023622047" />
    <padshape layer="BOTTOM_SOLDER_MASK" shape="round" width="125.9842519685" height="125.9842519685" />
  </padstyle>
  <footprint name="7762624" originx="0" originy="0" pickpointx="0" pickpointy="0">
    <pcbpin number="1" name="1" style="s277.5_h185" originx="0" originy="0" rotation="90" />
    <pcbpin number="2" name="2" style="c277.5_h185" originx="157.48031496063" originy="0" rotation="90" />
    <pcbpin number="3" name="3" style="c277.5_h185" originx="314.96062992126" originy="0" rotation="90" />
    <pcbpin number="4" name="4" style="c277.5_h185" originx="472.44094488188" originy="0" rotation="90" />
    <pcbpin number="5" name="5" style="c277.5_h185" originx="629.92125984251" originy="0" rotation="90" />
    <pcbpin number="6" name="6" style="c277.5_h185" originx="78.740157480314" originy="-157.48031496063" rotation="90" />
    <pcbpin number="7" name="7" style="c277.5_h185" originx="236.22047244094" originy="-157.48031496063" rotation="90" />
    <pcbpin number="8" name="8" style="c277.5_h185" originx="393.70078740157" originy="-157.48031496063" rotation="90" />
    <pcbpin number="9" name="9" style="c277.5_h185" originx="551.1811023622" originy="-157.48031496063" rotation="90" />
    <pcbpin number="10" name="10" style="c277.5_h185" originx="0" originy="-314.96062992126" rotation="90" />
    <pcbpin number="11" name="11" style="c277.5_h185" originx="157.48031496063" originy="-314.96062992126" rotation="90" />
    <pcbpin number="12" name="12" style="c277.5_h185" originx="314.96062992126" originy="-314.96062992126" rotation="90" />
    <pcbpin number="13" name="13" style="c277.5_h185" originx="472.44094488188" originy="-314.96062992126" rotation="90" />
    <pcbpin number="14" name="14" style="c277.5_h185" originx="629.92125984251" originy="-314.96062992126" rotation="90" />
    <pcbpin number="15" name="MH1" style="c300_h200" originx="-381.88976377952" originy="267.71653543307" rotation="90" />
    <pcbpin number="16" name="MH2" style="c300_h200" originx="1011.811023622" originy="267.71653543307" rotation="90" />
    <pcbpin number="17" name="MH3" style="c300_h200" originx="-440.94488188976" originy="-444.88188976377" rotation="90" />
    <pcbpin number="18" name="MH4" style="c300_h200" originx="1070.8661417323" originy="-444.88188976377" rotation="90" />
    <line layer="TOP_ASSEMBLY" originx="-645.66929133857" originy="-789.37007874015" endx="1275.5905511811" endy="-789.37007874015" width="7.8740157480314" />
    <line layer="TOP_ASSEMBLY" originx="1275.5905511811" originy="-789.37007874015" endx="1275.5905511811" endy="474.40944881889" width="7.8740157480314" />
    <line layer="TOP_ASSEMBLY" originx="1275.5905511811" originy="474.40944881889" endx="-645.66929133857" endy="474.40944881889" width="7.8740157480314" />
    <line layer="TOP_ASSEMBLY" originx="-645.66929133857" originy="474.40944881889" endx="-645.66929133857" endy="-789.37007874015" width="7.8740157480314" />
    <line layer="TOP_SILKSCREEN" originx="-645.66929133857" originy="474.40944881889" endx="1275.5905511811" endy="474.40944881889" width="3.9370078740157" />
    <line layer="TOP_SILKSCREEN" originx="1275.5905511811" originy="474.40944881889" endx="1275.5905511811" endy="-789.37007874015" width="3.9370078740157" />
    <line layer="TOP_SILKSCREEN" originx="1275.5905511811" originy="-789.37007874015" endx="-645.66929133857" endy="-789.37007874015" width="3.9370078740157" />
    <line layer="TOP_SILKSCREEN" originx="-645.66929133857" originy="-789.37007874015" endx="-645.66929133857" endy="474.40944881889" width="3.9370078740157" />
    <line layer="TOP_PLACE_BOUND" originx="-685.03937007873" originy="513.77952755905" endx="1314.9606299212" endy="513.77952755905" width="3.9370078740157" />
    <line layer="TOP_PLACE_BOUND" originx="1314.9606299212" originy="513.77952755905" endx="1314.9606299212" endy="-828.7401574803" width="3.9370078740157" />
    <line layer="TOP_PLACE_BOUND" originx="1314.9606299212" originy="-828.7401574803" endx="-685.03937007873" endy="-828.7401574803" width="3.9370078740157" />
    <line layer="TOP_PLACE_BOUND" originx="-685.03937007873" originy="-828.7401574803" endx="-685.03937007873" endy="513.77952755905" width="3.9370078740157" />
  </footprint>
  <symbol name="776262-4" originx="0" originy="0">
    <line originx="200" originy="100" endx="700" endy="100" width="0" />
    <line originx="700" originy="-900" endx="700" endy="100" width="0" />
    <line originx="700" originy="-900" endx="200" endy="-900" width="0" />
    <line originx="200" originy="100" endx="200" endy="-900" width="0" />
    <sympin number="1" originx="200" originy="0" rotation="180" length="100" width="7.8740157480315" flipped="False">
      <text name="pinname" originx="230" originy="0" style="Default" rotation="0" justify="left" flipped="False" hidden="False" data="1" />
      <text name="pindes" originx="140" originy="20" style="Default" rotation="0" justify="lowerright" flipped="False" hidden="False" data="1" />
    </sympin>
    <sympin number="2" originx="200" originy="-100" rotation="180" length="100" width="7.8740157480315" flipped="False">
      <text name="pinname" originx="230" originy="-100" style="Default" rotation="0" justify="left" flipped="False" hidden="False" data="2" />
      <text name="pindes" originx="140" originy="-80" style="Default" rotation="0" justify="lowerright" flipped="False" hidden="False" data="2" />
    </sympin>
    <sympin number="3" originx="200" originy="-200" rotation="180" length="100" width="7.8740157480315" flipped="False">
      <text name="pinname" originx="230" originy="-200" style="Default" rotation="0" justify="left" flipped="False" hidden="False" data="3" />
      <text name="pindes" originx="140" originy="-180" style="Default" rotation="0" justify="lowerright" flipped="False" hidden="False" data="3" />
    </sympin>
    <sympin number="4" originx="200" originy="-300" rotation="180" length="100" width="7.8740157480315" flipped="False">
      <text name="pinname" originx="230" originy="-300" style="Default" rotation="0" justify="left" flipped="False" hidden="False" data="4" />
      <text name="pindes" originx="140" originy="-280" style="Default" rotation="0" justify="lowerright" flipped="False" hidden="False" data="4" />
    </sympin>
    <sympin number="5" originx="200" originy="-400" rotation="180" length="100" width="7.8740157480315" flipped="False">
      <text name="pinname" originx="230" originy="-400" style="Default" rotation="0" justify="left" flipped="False" hidden="False" data="5" />
      <text name="pindes" originx="140" originy="-380" style="Default" rotation="0" justify="lowerright" flipped="False" hidden="False" data="5" />
    </sympin>
    <sympin number="6" originx="200" originy="-500" rotation="180" length="100" width="7.8740157480315" flipped="False">
      <text name="pinname" originx="230" originy="-500" style="Default" rotation="0" justify="left" flipped="False" hidden="False" data="6" />
      <text name="pindes" originx="140" originy="-480" style="Default" rotation="0" justify="lowerright" flipped="False" hidden="False" data="6" />
    </sympin>
    <sympin number="7" originx="200" originy="-600" rotation="180" length="100" width="7.8740157480315" flipped="False">
      <text name="pinname" originx="230" originy="-600" style="Default" rotation="0" justify="left" flipped="False" hidden="False" data="7" />
      <text name="pindes" originx="140" originy="-580" style="Default" rotation="0" justify="lowerright" flipped="False" hidden="False" data="7" />
    </sympin>
    <sympin number="8" originx="200" originy="-700" rotation="180" length="100" width="7.8740157480315" flipped="False">
      <text name="pinname" originx="230" originy="-700" style="Default" rotation="0" justify="left" flipped="False" hidden="False" data="8" />
      <text name="pindes" originx="140" originy="-680" style="Default" rotation="0" justify="lowerright" flipped="False" hidden="False" data="8" />
    </sympin>
    <sympin number="9" originx="200" originy="-800" rotation="180" length="100" width="7.8740157480315" flipped="False">
      <text name="pinname" originx="230" originy="-800" style="Default" rotation="0" justify="left" flipped="False" hidden="False" data="9" />
      <text name="pindes" originx="140" originy="-780" style="Default" rotation="0" justify="lowerright" flipped="False" hidden="False" data="9" />
    </sympin>
    <sympin number="10" originx="700" originy="0" rotation="0" length="100" width="7.8740157480315" flipped="False">
      <text name="pinname" originx="670" originy="0" style="Default" rotation="0" justify="right" flipped="False" hidden="False" data="10" />
      <text name="pindes" originx="760" originy="20" style="Default" rotation="0" justify="lowerleft" flipped="False" hidden="False" data="10" />
    </sympin>
    <sympin number="11" originx="700" originy="-100" rotation="0" length="100" width="7.8740157480315" flipped="False">
      <text name="pinname" originx="670" originy="-100" style="Default" rotation="0" justify="right" flipped="False" hidden="False" data="11" />
      <text name="pindes" originx="760" originy="-80" style="Default" rotation="0" justify="lowerleft" flipped="False" hidden="False" data="11" />
    </sympin>
    <sympin number="12" originx="700" originy="-200" rotation="0" length="100" width="7.8740157480315" flipped="False">
      <text name="pinname" originx="670" originy="-200" style="Default" rotation="0" justify="right" flipped="False" hidden="False" data="12" />
      <text name="pindes" originx="760" originy="-180" style="Default" rotation="0" justify="lowerleft" flipped="False" hidden="False" data="12" />
    </sympin>
    <sympin number="13" originx="700" originy="-300" rotation="0" length="100" width="7.8740157480315" flipped="False">
      <text name="pinname" originx="670" originy="-300" style="Default" rotation="0" justify="right" flipped="False" hidden="False" data="13" />
      <text name="pindes" originx="760" originy="-280" style="Default" rotation="0" justify="lowerleft" flipped="False" hidden="False" data="13" />
    </sympin>
    <sympin number="14" originx="700" originy="-400" rotation="0" length="100" width="7.8740157480315" flipped="False">
      <text name="pinname" originx="670" originy="-400" style="Default" rotation="0" justify="right" flipped="False" hidden="False" data="14" />
      <text name="pindes" originx="760" originy="-380" style="Default" rotation="0" justify="lowerleft" flipped="False" hidden="False" data="14" />
    </sympin>
    <sympin number="15" originx="700" originy="-500" rotation="0" length="100" width="7.8740157480315" flipped="False">
      <text name="pinname" originx="670" originy="-500" style="Default" rotation="0" justify="right" flipped="False" hidden="False" data="MH1" />
      <text name="pindes" originx="760" originy="-480" style="Default" rotation="0" justify="lowerleft" flipped="False" hidden="False" data="MH1" />
    </sympin>
    <sympin number="16" originx="700" originy="-600" rotation="0" length="100" width="7.8740157480315" flipped="False">
      <text name="pinname" originx="670" originy="-600" style="Default" rotation="0" justify="right" flipped="False" hidden="False" data="MH2" />
      <text name="pindes" originx="760" originy="-580" style="Default" rotation="0" justify="lowerleft" flipped="False" hidden="False" data="MH2" />
    </sympin>
    <sympin number="17" originx="700" originy="-700" rotation="0" length="100" width="7.8740157480315" flipped="False">
      <text name="pinname" originx="670" originy="-700" style="Default" rotation="0" justify="right" flipped="False" hidden="False" data="MH3" />
      <text name="pindes" originx="760" originy="-680" style="Default" rotation="0" justify="lowerleft" flipped="False" hidden="False" data="MH3" />
    </sympin>
    <sympin number="18" originx="700" originy="-800" rotation="0" length="100" width="7.8740157480315" flipped="False">
      <text name="pinname" originx="670" originy="-800" style="Default" rotation="0" justify="right" flipped="False" hidden="False" data="MH4" />
      <text name="pindes" originx="760" originy="-780" style="Default" rotation="0" justify="lowerleft" flipped="False" hidden="False" data="MH4" />
    </sympin>
  </symbol>
  <component name="776262-4" designatorprefix="J" height="1350.3937007874" footprint="7762624">
    <comppin designator="1" sympin="1" pinswap="0" gateswap="0" gate="1" group="1" side="" type="Any" name="1" />
    <comppin designator="2" sympin="2" pinswap="0" gateswap="0" gate="1" group="1" side="" type="Any" name="2" />
    <comppin designator="3" sympin="3" pinswap="0" gateswap="0" gate="1" group="1" side="" type="Any" name="3" />
    <comppin designator="4" sympin="4" pinswap="0" gateswap="0" gate="1" group="1" side="" type="Any" name="4" />
    <comppin designator="5" sympin="5" pinswap="0" gateswap="0" gate="1" group="1" side="" type="Any" name="5" />
    <comppin designator="6" sympin="6" pinswap="0" gateswap="0" gate="1" group="1" side="" type="Any" name="6" />
    <comppin designator="7" sympin="7" pinswap="0" gateswap="0" gate="1" group="1" side="" type="Any" name="7" />
    <comppin designator="8" sympin="8" pinswap="0" gateswap="0" gate="1" group="1" side="" type="Any" name="8" />
    <comppin designator="9" sympin="9" pinswap="0" gateswap="0" gate="1" group="1" side="" type="Any" name="9" />
    <comppin designator="10" sympin="10" pinswap="0" gateswap="0" gate="1" group="1" side="" type="Any" name="10" />
    <comppin designator="11" sympin="11" pinswap="0" gateswap="0" gate="1" group="1" side="" type="Any" name="11" />
    <comppin designator="12" sympin="12" pinswap="0" gateswap="0" gate="1" group="1" side="" type="Any" name="12" />
    <comppin designator="13" sympin="13" pinswap="0" gateswap="0" gate="1" group="1" side="" type="Any" name="13" />
    <comppin designator="14" sympin="14" pinswap="0" gateswap="0" gate="1" group="1" side="" type="Any" name="14" />
    <comppin designator="MH1" sympin="15" pinswap="0" gateswap="0" gate="1" group="1" side="" type="Any" name="MH1" />
    <comppin designator="MH2" sympin="16" pinswap="0" gateswap="0" gate="1" group="1" side="" type="Any" name="MH2" />
    <comppin designator="MH3" sympin="17" pinswap="0" gateswap="0" gate="1" group="1" side="" type="Any" name="MH3" />
    <comppin designator="MH4" sympin="18" pinswap="0" gateswap="0" gate="1" group="1" side="" type="Any" name="MH4" />
    <attached_symbol gate="1" name="776262-4" />
    <pinmap designator="1" footprintpin="1" />
    <pinmap designator="2" footprintpin="2" />
    <pinmap designator="3" footprintpin="3" />
    <pinmap designator="4" footprintpin="4" />
    <pinmap designator="5" footprintpin="5" />
    <pinmap designator="6" footprintpin="6" />
    <pinmap designator="7" footprintpin="7" />
    <pinmap designator="8" footprintpin="8" />
    <pinmap designator="9" footprintpin="9" />
    <pinmap designator="10" footprintpin="10" />
    <pinmap designator="11" footprintpin="11" />
    <pinmap designator="12" footprintpin="12" />
    <pinmap designator="13" footprintpin="13" />
    <pinmap designator="14" footprintpin="14" />
    <pinmap designator="MH1" footprintpin="15" />
    <pinmap designator="MH2" footprintpin="16" />
    <pinmap designator="MH3" footprintpin="17" />
    <pinmap designator="MH4" footprintpin="18" />
    <text name="Datasheet" originx="0" originy="0" style="Default" rotation="0" justify="" flipped="False" hidden="True" data="https://www.arrow.com/en/products/776262-4/te-connectivity" />
    <text name="Description" originx="0" originy="0" style="Default" rotation="0" justify="" flipped="False" hidden="True" data="Automotive Connectors 14 POS AMPSEAL VERTICAL HDR" />
    <text name="Manufacturer_Name" originx="0" originy="0" style="Default" rotation="0" justify="" flipped="False" hidden="True" data="TE Connectivity" />
    <text name="Manufacturer_Part_Number" originx="750" originy="200" style="Default" rotation="0" justify="left" flipped="False" hidden="False" data="776262-4" />
    <text name="Mouser Part Number" originx="0" originy="0" style="Default" rotation="0" justify="" flipped="False" hidden="True" data="571-776262-4" />
    <text name="Mouser Price/Stock" originx="0" originy="0" style="Default" rotation="0" justify="" flipped="False" hidden="True" data="https://www.mouser.co.uk/ProductDetail/TE-Connectivity/776262-4/?qs=tLAa1RwIH6cNE2syojWMEQ%3D%3D" />
    <text name="Arrow Part Number" originx="0" originy="0" style="Default" rotation="0" justify="" flipped="False" hidden="True" data="776262-4" />
    <text name="Arrow Price/Stock" originx="0" originy="0" style="Default" rotation="0" justify="" flipped="False" hidden="True" data="https://www.arrow.com/en/products/776262-4/te-connectivity" />
  </component>
</quadcept_library>
