<?xml version="1.0" encoding="utf-8"?>
<!--/3637563/1272411/2.50/2/2/Capacitor Polarised/-->
<quadcept_library>
  <setting unit="mil" />
  <textstyle name="Default" height="47.244094488189" strokewidth="7.8740157480315" charwidth="47.244094488189" />
  <textstyle name="Dimension" height="19.6850393700787" strokewidth="0" charwidth="19.6850393700787" />
  <textstyle name="H127W0635TH00762" height="50" strokewidth="3" charwidth="25" />
  <textstyle name="H15W15TH02" height="59.0551181102362" strokewidth="7.8740157480315" charwidth="59.0551181102362" />
  <padstyle name="r410_200" surface="True" plated="False" isvia="False" nopaste="False" nomask="True" complex="False" holesize="0">
    <padshape layer="TOP" shape="rectangle" width="78.740157480314" height="161.41732283464" />
    <padshape layer="TOP_SOLDER_MASK" shape="rectangle" width="86.614173228345" height="169.29133858268" />
    <padshape layer="TOP_SOLDER_PASTE" shape="rectangle" width="78.740157480314" height="161.41732283464" />
  </padstyle>
  <footprint name="EEHZS1H221P" originx="0" originy="0" pickpointx="0" pickpointy="0">
    <pcbpin number="1" name="1" style="r410_200" originx="-171.25984251968" originy="0" rotation="90" />
    <pcbpin number="2" name="2" style="r410_200" originx="171.25984251968" originy="0" rotation="90" />
    <line layer="TOP_PLACE_BOUND" originx="-309.05511811023" originy="242.12598425197" endx="283.46456692913" endy="242.12598425197" width="1.9685039370079" />
    <line layer="TOP_PLACE_BOUND" originx="283.46456692913" originy="242.12598425197" endx="283.46456692913" endy="-242.12598425197" width="1.9685039370079" />
    <line layer="TOP_PLACE_BOUND" originx="283.46456692913" originy="-242.12598425197" endx="-309.05511811023" endy="-242.12598425197" width="1.9685039370079" />
    <line layer="TOP_PLACE_BOUND" originx="-309.05511811023" originy="-242.12598425197" endx="-309.05511811023" endy="242.12598425197" width="1.9685039370079" />
    <line layer="TOP_SILKSCREEN" originx="-274.6062992126" originy="0" endx="-274.6062992126" endy="0" width="1.9685039370078" />
    <arc layer="TOP_SILKSCREEN" originx="-273.62204724409" originy="0" startangle="-180.0" sweepangle="180.0" radius="0.98425196850393" width="1.9685039370078" />
    <line layer="TOP_SILKSCREEN" originx="-272.63779527559" originy="0" endx="-272.63779527559" endy="0" width="1.9685039370078" />
    <arc layer="TOP_SILKSCREEN" originx="-273.62204724409" originy="0" startangle=".0" sweepangle="180.0" radius="0.98425196850393" width="1.9685039370078" />
    <line layer="TOP_ASSEMBLY" originx="-202.75590551181" originy="88.582677165353" endx="-88.582677165353" endy="202.75590551181" width="3.9370078740157" />
    <line layer="TOP_ASSEMBLY" originx="-88.582677165353" originy="202.75590551181" endx="202.75590551181" endy="202.75590551181" width="3.9370078740157" />
    <line layer="TOP_ASSEMBLY" originx="202.75590551181" originy="202.75590551181" endx="202.75590551181" endy="-202.75590551181" width="3.9370078740157" />
    <line layer="TOP_ASSEMBLY" originx="202.75590551181" originy="-202.75590551181" endx="-88.582677165353" endy="-202.75590551181" width="3.9370078740157" />
    <line layer="TOP_ASSEMBLY" originx="-88.582677165353" originy="-202.75590551181" endx="-202.75590551181" endy="-88.582677165353" width="3.9370078740157" />
    <line layer="TOP_ASSEMBLY" originx="-202.75590551181" originy="-88.582677165353" endx="-202.75590551181" endy="88.582677165353" width="3.9370078740157" />
    <line layer="TOP_ASSEMBLY" originx="-202.75590551181" originy="88.582677165353" endx="-88.582677165353" endy="202.75590551181" width="3.9370078740157" />
    <line layer="TOP_SILKSCREEN" originx="-202.75590551181" originy="88.582677165353" endx="-88.582677165353" endy="202.75590551181" width="7.8740157480314" />
    <line layer="TOP_SILKSCREEN" originx="-88.582677165353" originy="202.75590551181" endx="177.16535433071" endy="202.75590551181" width="7.8740157480314" />
    <line layer="TOP_SILKSCREEN" originx="177.16535433071" originy="202.75590551181" endx="202.75590551181" endy="202.75590551181" width="7.8740157480314" />
    <line layer="TOP_SILKSCREEN" originx="202.75590551181" originy="202.75590551181" endx="202.75590551181" endy="88.582677165353" width="7.8740157480314" />
    <line layer="TOP_SILKSCREEN" originx="-202.75590551181" originy="-88.582677165353" endx="-88.582677165353" endy="-202.75590551181" width="7.8740157480314" />
    <line layer="TOP_SILKSCREEN" originx="-88.582677165353" originy="-202.75590551181" endx="202.75590551181" endy="-202.75590551181" width="7.8740157480314" />
    <line layer="TOP_SILKSCREEN" originx="202.75590551181" originy="-202.75590551181" endx="202.75590551181" endy="-88.582677165353" width="7.8740157480314" />
  </footprint>
  <symbol name="EEHZA1V271P" originx="0" originy="0">
    <line originx="200" originy="100" endx="200" endy="-100" width="0" />
    <line originx="230" originy="-100" endx="200" endy="-100" width="0" />
    <line originx="230" originy="-100" endx="230" endy="100" width="0" />
    <line originx="200" originy="100" endx="230" endy="100" width="0" />
    <line originx="180" originy="50" endx="140" endy="50" width="0" />
    <line originx="160" originy="70" endx="160" endy="30" width="0" />
    <line originx="100" originy="0" endx="200" endy="0" width="0" />
    <line originx="300" originy="0" endx="400" endy="0" width="0" />
    <sympin number="1" originx="100" originy="0" rotation="180" length="100" width="7.8740157480315" flipped="False">
      <text name="pinname" originx="0" originy="-10" style="Default" rotation="0" justify="upperleft" flipped="False" hidden="True" data="+" />
      <text name="pindes" originx="0" originy="10" style="Default" rotation="0" justify="lowerleft" flipped="False" hidden="False" data="1" />
    </sympin>
    <sympin number="2" originx="400" originy="0" rotation="0" length="100" width="7.8740157480315" flipped="False">
      <text name="pinname" originx="500" originy="-10" style="Default" rotation="0" justify="upperright" flipped="False" hidden="True" data="-" />
      <text name="pindes" originx="500" originy="10" style="Default" rotation="0" justify="lowerright" flipped="False" hidden="False" data="2" />
    </sympin>
    <polygon type="polygon">
      <point x="300" y="100" />
      <point x="300" y="-100" />
      <point x="270" y="-100" />
      <point x="270" y="100" />
    </polygon>
  </symbol>
  <component name="EEHZA1V271P" designatorprefix="C" height="413.38582677165" footprint="EEHZS1H221P">
    <comppin designator="1" sympin="1" pinswap="0" gateswap="0" gate="1" group="1" side="" type="Any" name="+" />
    <comppin designator="2" sympin="2" pinswap="0" gateswap="0" gate="1" group="1" side="" type="Any" name="-" />
    <attached_symbol gate="1" name="EEHZA1V271P" />
    <pinmap designator="1" footprintpin="1" />
    <pinmap designator="2" footprintpin="2" />
    <text name="Datasheet" originx="0" originy="0" style="Default" rotation="0" justify="" flipped="False" hidden="True" data="http://industrial.panasonic.com/cdbs/www-data/pdf/RDD0000/ABA0000C1221.pdf" />
    <text name="Description" originx="0" originy="0" style="Default" rotation="0" justify="" flipped="False" hidden="True" data="Cap Aluminum Polymer Hybrid 270uF 35VDC 20% (10 X 10.2mm) SMD 0.02 Ohm 2500mA 10000h 105C Automotive T/R" />
    <text name="Manufacturer_Name" originx="0" originy="0" style="Default" rotation="0" justify="" flipped="False" hidden="True" data="Panasonic" />
    <text name="Manufacturer_Part_Number" originx="350" originy="150" style="Default" rotation="0" justify="left" flipped="False" hidden="False" data="EEHZA1V271P" />
    <text name="Mouser Part Number" originx="0" originy="0" style="Default" rotation="0" justify="" flipped="False" hidden="True" data="" />
    <text name="Mouser Price/Stock" originx="0" originy="0" style="Default" rotation="0" justify="" flipped="False" hidden="True" data="" />
    <text name="Arrow Part Number" originx="0" originy="0" style="Default" rotation="0" justify="" flipped="False" hidden="True" data="" />
    <text name="Arrow Price/Stock" originx="0" originy="0" style="Default" rotation="0" justify="" flipped="False" hidden="True" data="" />
  </component>
</quadcept_library>
