<?xml version="1.0" encoding="utf-8"?>
<!--/362661/1272411/2.50/4/4/Undefined or Miscellaneous/-->
<quadcept_library>
  <setting unit="mil" />
  <textstyle name="Default" height="47.244094488189" strokewidth="7.8740157480315" charwidth="47.244094488189" />
  <textstyle name="Dimension" height="19.6850393700787" strokewidth="0" charwidth="19.6850393700787" />
  <textstyle name="H127W0635TH00762" height="50" strokewidth="3" charwidth="25" />
  <textstyle name="H15W15TH02" height="59.0551181102362" strokewidth="7.8740157480315" charwidth="59.0551181102362" />
  <padstyle name="c240_h160" surface="False" plated="True" isvia="False" nopaste="True" nomask="True" complex="False" holesize="62.992125984251">
    <padshape layer="TOP" shape="round" width="94.488188976377" height="94.488188976377" />
    <padshape layer="TOP_SOLDER_MASK" shape="round" width="102.36220472441" height="102.36220472441" />
    <padshape layer="INNER" shape="round" width="94.488188976377" height="94.488188976377" />
    <padshape layer="BOTTOM" shape="round" width="94.488188976377" height="94.488188976377" />
    <padshape layer="BOTTOM_SOLDER_MASK" shape="round" width="102.36220472441" height="102.36220472441" />
  </padstyle>
  <footprint name="355720" originx="0" originy="0" pickpointx="0" pickpointy="0">
    <pcbpin number="1" name="1" style="c240_h160" originx="0" originy="0" rotation="90" />
    <pcbpin number="2" name="2" style="c240_h160" originx="0" originy="-133.85826771653" rotation="90" />
    <pcbpin number="3" name="3" style="c240_h160" originx="530.31496062991" originy="-133.85826771653" rotation="90" />
    <pcbpin number="4" name="4" style="c240_h160" originx="530.31496062991" originy="0" rotation="90" />
    <line layer="TOP_ASSEMBLY" originx="-124.8031496063" originy="65.551181102361" endx="655.11811023621" endy="65.551181102361" width="7.8740157480314" />
    <line layer="TOP_ASSEMBLY" originx="655.11811023621" originy="65.551181102361" endx="655.11811023621" endy="-199.4094488189" width="7.8740157480314" />
    <line layer="TOP_ASSEMBLY" originx="655.11811023621" originy="-199.4094488189" endx="-124.8031496063" endy="-199.4094488189" width="7.8740157480314" />
    <line layer="TOP_ASSEMBLY" originx="-124.8031496063" originy="-199.4094488189" endx="-124.8031496063" endy="65.551181102361" width="7.8740157480314" />
    <line layer="TOP_SILKSCREEN" originx="-124.8031496063" originy="66.929133858267" endx="655.11811023621" endy="66.929133858267" width="3.9370078740157" />
    <line layer="TOP_SILKSCREEN" originx="655.11811023621" originy="66.929133858267" endx="655.11811023621" endy="-199.4094488189" width="3.9370078740157" />
    <line layer="TOP_SILKSCREEN" originx="655.11811023621" originy="-199.4094488189" endx="-124.8031496063" endy="-199.4094488189" width="3.9370078740157" />
    <line layer="TOP_SILKSCREEN" originx="-124.8031496063" originy="-199.4094488189" endx="-124.8031496063" endy="66.929133858267" width="3.9370078740157" />
    <line layer="TOP_PLACE_BOUND" originx="-164.17322834645" originy="106.29921259842" endx="694.48818897637" endy="106.29921259842" width="3.9370078740157" />
    <line layer="TOP_PLACE_BOUND" originx="694.48818897637" originy="106.29921259842" endx="694.48818897637" endy="-238.77952755905" width="3.9370078740157" />
    <line layer="TOP_PLACE_BOUND" originx="694.48818897637" originy="-238.77952755905" endx="-164.17322834645" endy="-238.77952755905" width="3.9370078740157" />
    <line layer="TOP_PLACE_BOUND" originx="-164.17322834645" originy="-238.77952755905" endx="-164.17322834645" endy="106.29921259842" width="3.9370078740157" />
  </footprint>
  <symbol name="3557-20" originx="0" originy="0">
    <line originx="200" originy="100" endx="600" endy="100" width="0" />
    <line originx="600" originy="-200" endx="600" endy="100" width="0" />
    <line originx="600" originy="-200" endx="200" endy="-200" width="0" />
    <line originx="200" originy="100" endx="200" endy="-200" width="0" />
    <sympin number="1" originx="200" originy="0" rotation="180" length="100" width="7.8740157480315" flipped="False">
      <text name="pinname" originx="230" originy="0" style="Default" rotation="0" justify="left" flipped="False" hidden="False" data="1" />
      <text name="pindes" originx="140" originy="20" style="Default" rotation="0" justify="lowerright" flipped="False" hidden="False" data="1" />
    </sympin>
    <sympin number="2" originx="200" originy="-100" rotation="180" length="100" width="7.8740157480315" flipped="False">
      <text name="pinname" originx="230" originy="-100" style="Default" rotation="0" justify="left" flipped="False" hidden="False" data="2" />
      <text name="pindes" originx="140" originy="-80" style="Default" rotation="0" justify="lowerright" flipped="False" hidden="False" data="2" />
    </sympin>
    <sympin number="3" originx="600" originy="-100" rotation="0" length="100" width="7.8740157480315" flipped="False">
      <text name="pinname" originx="570" originy="-100" style="Default" rotation="0" justify="right" flipped="False" hidden="False" data="3" />
      <text name="pindes" originx="660" originy="-80" style="Default" rotation="0" justify="lowerleft" flipped="False" hidden="False" data="3" />
    </sympin>
    <sympin number="4" originx="600" originy="0" rotation="0" length="100" width="7.8740157480315" flipped="False">
      <text name="pinname" originx="570" originy="0" style="Default" rotation="0" justify="right" flipped="False" hidden="False" data="4" />
      <text name="pindes" originx="660" originy="20" style="Default" rotation="0" justify="lowerleft" flipped="False" hidden="False" data="4" />
    </sympin>
  </symbol>
  <component name="3557-20" designatorprefix="U" height="290.15748031496" footprint="355720">
    <comppin designator="1" sympin="1" pinswap="0" gateswap="0" gate="1" group="1" side="" type="Any" name="1" />
    <comppin designator="2" sympin="2" pinswap="0" gateswap="0" gate="1" group="1" side="" type="Any" name="2" />
    <comppin designator="3" sympin="3" pinswap="0" gateswap="0" gate="1" group="1" side="" type="Any" name="3" />
    <comppin designator="4" sympin="4" pinswap="0" gateswap="0" gate="1" group="1" side="" type="Any" name="4" />
    <attached_symbol gate="1" name="3557-20" />
    <pinmap designator="1" footprintpin="1" />
    <pinmap designator="2" footprintpin="2" />
    <pinmap designator="3" footprintpin="3" />
    <pinmap designator="4" footprintpin="4" />
    <text name="Datasheet" originx="0" originy="0" style="Default" rotation="0" justify="" flipped="False" hidden="True" data="https://www.keyelco.com/product-pdf.cfm?p=14226" />
    <text name="Description" originx="0" originy="0" style="Default" rotation="0" justify="" flipped="False" hidden="True" data="Fuse Holder T/H 2 IN 1 AUTO BLDE HOLDER, YELLOW 20A" />
    <text name="Manufacturer_Name" originx="0" originy="0" style="Default" rotation="0" justify="" flipped="False" hidden="True" data="Keystone Electronics" />
    <text name="Manufacturer_Part_Number" originx="650" originy="200" style="Default" rotation="0" justify="left" flipped="False" hidden="False" data="3557-20" />
    <text name="Mouser Part Number" originx="0" originy="0" style="Default" rotation="0" justify="" flipped="False" hidden="True" data="534-3557-20" />
    <text name="Mouser Price/Stock" originx="0" originy="0" style="Default" rotation="0" justify="" flipped="False" hidden="True" data="https://www.mouser.co.uk/ProductDetail/Keystone-Electronics/3557-20?qs=iR2ablhfrmF%2FWhSZXEYN7g%3D%3D" />
    <text name="Arrow Part Number" originx="0" originy="0" style="Default" rotation="0" justify="" flipped="False" hidden="True" data="" />
    <text name="Arrow Price/Stock" originx="0" originy="0" style="Default" rotation="0" justify="" flipped="False" hidden="True" data="" />
  </component>
</quadcept_library>
