<?xml version="1.0" encoding="utf-8"?>
<!--/186638/1272411/2.50/2/3/Inductor/-->
<quadcept_library>
  <setting unit="mil" />
  <textstyle name="Default" height="47.244094488189" strokewidth="7.8740157480315" charwidth="47.244094488189" />
  <textstyle name="Dimension" height="19.6850393700787" strokewidth="0" charwidth="19.6850393700787" />
  <textstyle name="H127W0635TH00762" height="50" strokewidth="3" charwidth="25" />
  <textstyle name="H15W15TH02" height="59.0551181102362" strokewidth="7.8740157480315" charwidth="59.0551181102362" />
  <padstyle name="r340_240" surface="True" plated="False" isvia="False" nopaste="False" nomask="True" complex="False" holesize="0">
    <padshape layer="TOP" shape="rectangle" width="94.488188976377" height="133.85826771653" />
    <padshape layer="TOP_SOLDER_MASK" shape="rectangle" width="102.36220472441" height="141.73228346457" />
    <padshape layer="TOP_SOLDER_PASTE" shape="rectangle" width="94.488188976377" height="133.85826771653" />
  </padstyle>
  <footprint name="INDPM6965X300N" originx="0" originy="0" pickpointx="0" pickpointy="0">
    <pcbpin number="1" name="1" style="r340_240" originx="-114.17322834646" originy="0" rotation="0" />
    <pcbpin number="2" name="2" style="r340_240" originx="114.17322834646" originy="0" rotation="0" />
    <line layer="TOP_PLACE_BOUND" originx="-171.25984251968" originy="142.20472440945" endx="171.25984251968" endy="142.20472440945" width="1.9685039370079" />
    <line layer="TOP_PLACE_BOUND" originx="171.25984251968" originy="142.20472440945" endx="171.25984251968" endy="-142.20472440945" width="1.9685039370079" />
    <line layer="TOP_PLACE_BOUND" originx="171.25984251968" originy="-142.20472440945" endx="-171.25984251968" endy="-142.20472440945" width="1.9685039370079" />
    <line layer="TOP_PLACE_BOUND" originx="-171.25984251968" originy="-142.20472440945" endx="-171.25984251968" endy="142.20472440945" width="1.9685039370079" />
    <line layer="TOP_ASSEMBLY" originx="-135.03937007874" originy="127.36220472441" endx="135.03937007874" endy="127.36220472441" width="3.9370078740157" />
    <line layer="TOP_ASSEMBLY" originx="135.03937007874" originy="127.36220472441" endx="135.03937007874" endy="-127.36220472441" width="3.9370078740157" />
    <line layer="TOP_ASSEMBLY" originx="135.03937007874" originy="-127.36220472441" endx="-135.03937007874" endy="-127.36220472441" width="3.9370078740157" />
    <line layer="TOP_ASSEMBLY" originx="-135.03937007874" originy="-127.36220472441" endx="-135.03937007874" endy="127.36220472441" width="3.9370078740157" />
    <line layer="TOP_SILKSCREEN" originx="135.03937007874" originy="127.36220472441" endx="-135.03937007874" endy="127.36220472441" width="7.8740157480314" />
    <line layer="TOP_SILKSCREEN" originx="-135.03937007874" originy="-127.36220472441" endx="135.03937007874" endy="-127.36220472441" width="7.8740157480314" />
  </footprint>
  <symbol name="IHLP2525CZER100M11" originx="0" originy="0">
    <arc originx="250" originy="-2" startangle="177.7" sweepangle="-175.4" radius="50" width="0" />
    <arc originx="350" originy="-2" startangle="177.7" sweepangle="-175.4" radius="50" width="0" />
    <arc originx="450" originy="-2" startangle="177.7" sweepangle="-175.4" radius="50" width="0" />
    <arc originx="550" originy="-2" startangle="177.7" sweepangle="-175.4" radius="50" width="0" />
    <sympin number="1" originx="200" originy="0" rotation="180" length="100" width="7.8740157480315" flipped="False">
      <text name="pinname" originx="0" originy="-10" style="Default" rotation="0" justify="upperleft" flipped="False" hidden="True" data="1" />
      <text name="pindes" originx="0" originy="10" style="Default" rotation="0" justify="lowerleft" flipped="False" hidden="False" data="1" />
    </sympin>
    <sympin number="2" originx="600" originy="0" rotation="0" length="100" width="7.8740157480315" flipped="False">
      <text name="pinname" originx="800" originy="-10" style="Default" rotation="0" justify="upperright" flipped="False" hidden="True" data="2" />
      <text name="pindes" originx="800" originy="10" style="Default" rotation="0" justify="lowerright" flipped="False" hidden="False" data="2" />
    </sympin>
  </symbol>
  <component name="IHLP2525CZER100M11" designatorprefix="L" height="118.11023622047" footprint="INDPM6965X300N">
    <comppin designator="1" sympin="1" pinswap="0" gateswap="0" gate="1" group="1" side="" type="Any" name="1" />
    <comppin designator="2" sympin="2" pinswap="0" gateswap="0" gate="1" group="1" side="" type="Any" name="2" />
    <attached_symbol gate="1" name="IHLP2525CZER100M11" />
    <pinmap designator="1" footprintpin="1" />
    <pinmap designator="2" footprintpin="2" />
    <text name="Datasheet" originx="0" originy="0" style="Default" rotation="0" justify="" flipped="False" hidden="True" data="https://componentsearchengine.com/Datasheets/2/IHLP2525CZER100M11.pdf" />
    <text name="Description" originx="0" originy="0" style="Default" rotation="0" justify="" flipped="False" hidden="True" data="Vishay IHLP2525CZ-11 Series Shielded Wire-wound SMD Inductor with a Metal Composite Core, 10 uH +/-20% Wire-Wound 4A Idc" />
    <text name="Manufacturer_Name" originx="0" originy="0" style="Default" rotation="0" justify="" flipped="False" hidden="True" data="Vishay" />
    <text name="Manufacturer_Part_Number" originx="650" originy="150" style="Default" rotation="0" justify="left" flipped="False" hidden="False" data="IHLP2525CZER100M11" />
    <text name="Mouser Part Number" originx="0" originy="0" style="Default" rotation="0" justify="" flipped="False" hidden="True" data="70-IHLP2525CZER100M1" />
    <text name="Mouser Price/Stock" originx="0" originy="0" style="Default" rotation="0" justify="" flipped="False" hidden="True" data="https://www.mouser.co.uk/ProductDetail/Vishay-Dale/IHLP2525CZER100M11?qs=gMuw6kkpPFi7WFZ9cEKRAA%3D%3D" />
    <text name="Arrow Part Number" originx="0" originy="0" style="Default" rotation="0" justify="" flipped="False" hidden="True" data="IHLP2525CZER100M11" />
    <text name="Arrow Price/Stock" originx="0" originy="0" style="Default" rotation="0" justify="" flipped="False" hidden="True" data="https://www.arrow.com/en/products/ihlp2525czer100m11/vishay?region=nac" />
  </component>
</quadcept_library>
